CustomerKey,Segment,Customer Name,Customer ID
1,"Consumer","Alex Avila","AA-10315"
2,"Consumer","Allen Armold","AA-10375"
3,"Consumer","Andrew Allen","AA-10480"
4,"Consumer","Anna Andreadi","AA-10645"
5,"Consumer","Alex Avila","AA-315"
6,"Consumer","Allen Armold","AA-375"
7,"Consumer","Andrew Allen","AA-480"
8,"Consumer","Anna Andreadi","AA-645"
9,"Consumer","Aaron Bergman","AB-10015"
11,"Consumer","Adrian Barton","AB-10105"
12,"Consumer","Aimee Bixby","AB-10150"
13,"Consumer","Alan Barnes","AB-10165"
15,"Consumer","Adrian Barton","AB-105"
17,"Consumer","Aaron Bergman","AB-15"
18,"Consumer","Aimee Bixby","AB-150"
19,"Consumer","Alan Barnes","AB-165"
24,"Consumer","Amy Cox","AC-10450"
26,"Consumer","Anna Chung","AC-10660"
28,"Consumer","Amy Cox","AC-450"
30,"Consumer","Anna Chung","AC-660"
33,"Consumer","Art Ferguson","AF-10870"
34,"Consumer","Art Foster","AF-10885"
35,"Consumer","Art Ferguson","AF-870"
36,"Consumer","Art Foster","AF-885"
37,"Consumer","Alejandro Grove","AG-10270"
39,"Consumer","Alex Grayson","AG-10330"
40,"Consumer","Allen Goldenen","AG-10390"
43,"Consumer","Anna Gayman","AG-10675"
45,"Consumer","Arthur Gainer","AG-10900"
46,"Consumer","Alejandro Grove","AG-270"
48,"Consumer","Alex Grayson","AG-330"
49,"Consumer","Allen Goldenen","AG-390"
52,"Consumer","Anna Gayman","AG-675"
54,"Consumer","Arthur Gainer","AG-900"
59,"Consumer","Alan Hwang","AH-10210"
60,"Consumer","Amy Hunt","AH-10465"
61,"Consumer","Angele Hood","AH-10585"
65,"Consumer","Alan Hwang","AH-210"
67,"Consumer","Amy Hunt","AH-465"
68,"Consumer","Angele Hood","AH-585"
71,"Consumer","Arianne Irving","AI-10855"
72,"Consumer","Arianne Irving","AI-855"
75,"Consumer","Ashley Jarboe","AJ-10945"
76,"Consumer","Astrea Jones","AJ-10960"
79,"Consumer","Ashley Jarboe","AJ-945"
80,"Consumer","Astrea Jones","AJ-960"
82,"Consumer","Anne McFarland","AM-10705"
84,"Consumer","Anne McFarland","AM-705"
88,"Consumer","Arthur Prichep","AP-10915"
90,"Consumer","Arthur Prichep","AP-915"
93,"Consumer","Andrew Roberts","AR-10510"
94,"Consumer","Andy Reiter","AR-10540"
95,"Consumer","Anemone Ratner","AR-10570"
99,"Consumer","Andrew Roberts","AR-510"
100,"Consumer","Andy Reiter","AR-540"
101,"Consumer","Anemone Ratner","AR-570"
104,"Consumer","Adam Shillingsburg","AS-10090"
107,"Consumer","Alan Shonely","AS-10240"
112,"Consumer","Alan Shonely","AS-240"
116,"Consumer","Adam Shillingsburg","AS-90"
118,"Consumer","Annie Thurman","AT-10735"
120,"Consumer","Annie Thurman","AT-735"
121,"Consumer","Anthony Witt","AW-10840"
123,"Consumer","Anthony Witt","AW-840"
127,"Consumer","Annie Zypern","AZ-10750"
128,"Consumer","Annie Zypern","AZ-750"
135,"Consumer","Bill Donatelli","BD-11320"
136,"Consumer","Bradley Drucker","BD-11500"
138,"Consumer","Brian Dahlen","BD-11605"
139,"Consumer","Brian DeCherney","BD-11620"
140,"Consumer","Brian Derr","BD-11635"
141,"Consumer","Bruce Degenhardt","BD-11725"
142,"Consumer","Bryan Davis","BD-11770"
143,"Consumer","Bill Donatelli","BD-1320"
144,"Consumer","Bradley Drucker","BD-1500"
146,"Consumer","Brian Dahlen","BD-1605"
147,"Consumer","Brian DeCherney","BD-1620"
148,"Consumer","Brian Derr","BD-1635"
149,"Consumer","Bruce Degenhardt","BD-1725"
150,"Consumer","Bryan Davis","BD-1770"
152,"Consumer","Bobby Elias","BE-11410"
155,"Consumer","Bobby Elias","BE-1410"
159,"Consumer","Bart Folk","BF-1080"
163,"Consumer","Bart Folk","BF-11080"
171,"Consumer","Barry Gonzalez","BG-1035"
172,"Consumer","Barry Gonzalez","BG-11035"
174,"Consumer","Bruce Geld","BG-11740"
176,"Consumer","Bruce Geld","BG-1740"
177,"Consumer","Brosina Hoffman","BH-11710"
178,"Consumer","Brosina Hoffman","BH-1710"
179,"Consumer","Berenike Kampe","BK-11260"
180,"Consumer","Berenike Kampe","BK-1260"
181,"Consumer","Becky Martin","BM-11140"
182,"Consumer","Becky Martin","BM-1140"
185,"Consumer","Bryan Mills","BM-11785"
188,"Consumer","Bryan Mills","BM-1785"
190,"Consumer","Bradley Nguyen","BN-11515"
192,"Consumer","Bradley Nguyen","BN-1515"
194,"Consumer","Bobby Odegard","BO-11425"
196,"Consumer","Bobby Odegard","BO-1425"
201,"Consumer","Becky Pak","BP-11155"
203,"Consumer","Benjamin Patterson","BP-11230"
204,"Consumer","Beth Paige","BP-11290"
205,"Consumer","Becky Pak","BP-1155"
207,"Consumer","Benjamin Patterson","BP-1230"
208,"Consumer","Beth Paige","BP-1290"
212,"Consumer","Brian Stugart","BS-11665"
213,"Consumer","Bruce Stewart","BS-11755"
218,"Consumer","Brian Stugart","BS-1665"
219,"Consumer","Bruce Stewart","BS-1755"
223,"Consumer","Bobby Trafton","BT-11440"
226,"Consumer","Brian Thompson","BT-11680"
229,"Consumer","Bobby Trafton","BT-1440"
232,"Consumer","Brian Thompson","BT-1680"
235,"Consumer","Barry Weirich","BW-1065"
236,"Consumer","Barry Weirich","BW-11065"
239,"Consumer","Ben Wallace","BW-11200"
240,"Consumer","Ben Wallace","BW-1200"
243,"Consumer","Christina Anderson","CA-12265"
245,"Consumer","Cynthia Arntzen","CA-12775"
248,"Consumer","Christina Anderson","CA-2265"
250,"Consumer","Cynthia Arntzen","CA-2775"
251,"Consumer","Cassandra Brandow","CB-12025"
252,"Consumer","Christy Brittain","CB-12415"
254,"Consumer","Cassandra Brandow","CB-2025"
255,"Consumer","Christy Brittain","CB-2415"
258,"Consumer","Charles Crestani","CC-12145"
259,"Consumer","Chris Cortes","CC-12220"
260,"Consumer","Christopher Conant","CC-12370"
262,"Consumer","Cindy Chapman","CC-12475"
263,"Consumer","Clay Cheatham","CC-12550"
265,"Consumer","Craig Carreira","CC-12670"
266,"Consumer","Craig Carroll","CC-12685"
268,"Consumer","Charles Crestani","CC-2145"
269,"Consumer","Chris Cortes","CC-2220"
270,"Consumer","Christopher Conant","CC-2370"
272,"Consumer","Cindy Chapman","CC-2475"
273,"Consumer","Clay Cheatham","CC-2550"
275,"Consumer","Craig Carreira","CC-2670"
276,"Consumer","Craig Carroll","CC-2685"
277,"Consumer","Carlos Daly","CD-11920"
278,"Consumer","Carol Darley","CD-11980"
279,"Consumer","Christina DeMoss","CD-12280"
281,"Consumer","Carlos Daly","CD-1920"
282,"Consumer","Carol Darley","CD-1980"
283,"Consumer","Christina DeMoss","CD-2280"
286,"Consumer","Claire Gute","CG-12520"
288,"Consumer","Claire Gute","CG-2520"
292,"Consumer","Caroline Jumper","CJ-12010"
294,"Consumer","Caroline Jumper","CJ-2010"
295,"Consumer","Chloris Kastensmidt","CK-12205"
297,"Consumer","Clytie Kelty","CK-12595"
299,"Consumer","Chloris Kastensmidt","CK-2205"
301,"Consumer","Clytie Kelty","CK-2595"
303,"Consumer","Carl Ludwig","CL-11890"
304,"Consumer","Clay Ludtke","CL-12565"
306,"Consumer","Carl Ludwig","CL-1890"
307,"Consumer","Clay Ludtke","CL-2565"
311,"Consumer","Carlos Meador","CM-11935"
312,"Consumer","Chad McGuire","CM-12115"
313,"Consumer","Charles McCrossin","CM-12160"
314,"Consumer","Charlotte Melton","CM-12190"
315,"Consumer","Chris McAfee","CM-12235"
316,"Consumer","Christopher Martinez","CM-12385"
317,"Consumer","Chuck Magee","CM-12445"
322,"Consumer","Carlos Meador","CM-1935"
323,"Consumer","Chad McGuire","CM-2115"
324,"Consumer","Charles McCrossin","CM-2160"
325,"Consumer","Charlotte Melton","CM-2190"
326,"Consumer","Chris McAfee","CM-2235"
327,"Consumer","Christopher Martinez","CM-2385"
328,"Consumer","Chuck Magee","CM-2445"
337,"Consumer","Craig Reiter","CR-12730"
341,"Consumer","Craig Reiter","CR-2730"
344,"Consumer","Cari Schnelling","CS-11860"
345,"Consumer","Carlos Soltero","CS-11950"
346,"Consumer","Chad Sievert","CS-12130"
349,"Consumer","Christine Sundaresam","CS-12355"
351,"Consumer","Chuck Sachs","CS-12460"
353,"Consumer","Cindy Stewart","CS-12505"
355,"Consumer","Cari Schnelling","CS-1860"
356,"Consumer","Carlos Soltero","CS-1950"
357,"Consumer","Chad Sievert","CS-2130"
360,"Consumer","Christine Sundaresam","CS-2355"
362,"Consumer","Chuck Sachs","CS-2460"
364,"Consumer","Cindy Stewart","CS-2505"
365,"Consumer","Carol Triggs","CT-11995"
366,"Consumer","Carol Triggs","CT-1995"
367,"Consumer","Christina VanderZanden","CV-12295"
369,"Consumer","Christina VanderZanden","CV-2295"
375,"Consumer","Corey-Lock","Co-12640"
376,"Consumer","Corey-Lock","Co-2640"
381,"Consumer","Dave Brooks","DB-13060"
383,"Consumer","Dean Braden","DB-13210"
386,"Consumer","Denny Blanton","DB-13405"
388,"Consumer","Doug Bickford","DB-13615"
389,"Consumer","Duane Benoit","DB-13660"
392,"Consumer","Dave Brooks","DB-3060"
394,"Consumer","Dean Braden","DB-3210"
397,"Consumer","Denny Blanton","DB-3405"
399,"Consumer","Doug Bickford","DB-3615"
400,"Consumer","Duane Benoit","DB-3660"
401,"Consumer","Dan Campbell","DC-12850"
402,"Consumer","Debra Catini","DC-13285"
403,"Consumer","Dan Campbell","DC-2850"
404,"Consumer","Debra Catini","DC-3285"
405,"Consumer","Dorothy Dickinson","DD-13570"
406,"Consumer","Dorothy Dickinson","DD-3570"
409,"Consumer","David Flashing","DF-13135"
410,"Consumer","David Flashing","DF-3135"
419,"Consumer","Doug Jacobs","DJ-13630"
422,"Consumer","Doug Jacobs","DJ-3630"
424,"Consumer","Dana Kaydos","DK-12895"
425,"Consumer","Darren Koutras","DK-12985"
426,"Consumer","Dave Kipp","DK-13090"
429,"Consumer","Dennis Kane","DK-13375"
431,"Consumer","Dana Kaydos","DK-2895"
432,"Consumer","Darren Koutras","DK-2985"
433,"Consumer","Dave Kipp","DK-3090"
436,"Consumer","Dennis Kane","DK-3375"
437,"Consumer","Dan Lawera","DL-12865"
438,"Consumer","Daniel Lacy","DL-12925"
439,"Consumer","Delfina Latchford","DL-13315"
440,"Consumer","Denise Leinenbach","DL-13330"
442,"Consumer","Dan Lawera","DL-2865"
443,"Consumer","Daniel Lacy","DL-2925"
444,"Consumer","Delfina Latchford","DL-3315"
445,"Consumer","Denise Leinenbach","DL-3330"
448,"Consumer","Darrin Martin","DM-13015"
452,"Consumer","Darrin Martin","DM-3015"
455,"Consumer","Duane Noonan","DN-13690"
456,"Consumer","Duane Noonan","DN-3690"
457,"Consumer","Denny Ordway","DO-13435"
458,"Consumer","Doug O'Connell","DO-13645"
459,"Consumer","Denny Ordway","DO-3435"
460,"Consumer","Doug O'Connell","DO-3645"
461,"Consumer","Darren Powers","DP-13000"
463,"Consumer","David Philippe","DP-13165"
465,"Consumer","Darren Powers","DP-3000"
467,"Consumer","David Philippe","DP-3165"
478,"Consumer","Dianna Vittorini","DV-13465"
480,"Consumer","Dianna Vittorini","DV-3465"
483,"Consumer","Don Weiss","DW-13540"
487,"Consumer","Don Weiss","DW-3540"
498,"Consumer","Emily Burns","EB-13870"
499,"Consumer","Eric Barreto","EB-13930"
501,"Consumer","Eugene Barchas","EB-14110"
502,"Consumer","Evan Bailliet","EB-14170"
506,"Consumer","Emily Burns","EB-3870"
507,"Consumer","Eric Barreto","EB-3930"
509,"Consumer","Eugene Barchas","EB-4110"
510,"Consumer","Evan Bailliet","EB-4170"
511,"Consumer","Erin Creighton","EC-14050"
512,"Consumer","Erin Creighton","EC-4050"
515,"Consumer","Emily Grady","EG-13900"
516,"Consumer","Emily Grady","EG-3900"
518,"Consumer","Eric Hoffmann","EH-13945"
519,"Consumer","Erica Hackney","EH-13990"
522,"Consumer","Evan Henry","EH-14185"
524,"Consumer","Eric Hoffmann","EH-3945"
525,"Consumer","Erica Hackney","EH-3990"
528,"Consumer","Evan Henry","EH-4185"
529,"Consumer","Ed Jacobs","EJ-13720"
530,"Consumer","Eva Jacobs","EJ-14155"
531,"Consumer","Ed Jacobs","EJ-3720"
532,"Consumer","Eva Jacobs","EJ-4155"
539,"Consumer","Eric Murdock","EM-13960"
540,"Consumer","Erin Mull","EM-14065"
546,"Consumer","Eric Murdock","EM-3960"
547,"Consumer","Erin Mull","EM-4065"
551,"Consumer","Edward Nazzal","EN-13780"
552,"Consumer","Edward Nazzal","EN-3780"
553,"Consumer","Emily Phan","EP-13915"
554,"Consumer","Emily Phan","EP-3915"
557,"Consumer","Erica Smith","ES-14020"
559,"Consumer","Erica Smith","ES-4020"
570,"Consumer","Fred Harton","FH-14350"
573,"Consumer","Fred Harton","FH-4350"
577,"Consumer","Fred McMath","FM-14380"
580,"Consumer","Fred McMath","FM-4380"
581,"Consumer","Frank Olsen","FO-14305"
582,"Consumer","Frank Olsen","FO-4305"
583,"Consumer","Frank Preis","FP-14320"
584,"Consumer","Frank Preis","FP-4320"
587,"Consumer","George Ashbrook","GA-14515"
588,"Consumer","Guy Armstrong","GA-14725"
589,"Consumer","George Ashbrook","GA-4515"
590,"Consumer","Guy Armstrong","GA-4725"
592,"Consumer","Giulietta Baptist","GB-14575"
594,"Consumer","Giulietta Baptist","GB-4575"
600,"Consumer","Gary Hwang","GH-14425"
602,"Consumer","Greg Hansen","GH-14665"
604,"Consumer","Gary Hwang","GH-4425"
606,"Consumer","Greg Hansen","GH-4665"
609,"Consumer","Gary McGarr","GM-14440"
611,"Consumer","Gene McClure","GM-14500"
612,"Consumer","Greg Matthias","GM-14680"
614,"Consumer","Gary McGarr","GM-4440"
616,"Consumer","Gene McClure","GM-4500"
617,"Consumer","Greg Matthias","GM-4680"
624,"Consumer","Greg Tran","GT-14710"
625,"Consumer","Guy Thornton","GT-14755"
627,"Consumer","Greg Tran","GT-4710"
628,"Consumer","Guy Thornton","GT-4755"
629,"Consumer","Giulietta Weimer","GW-14605"
630,"Consumer","Giulietta Weimer","GW-4605"
631,"Consumer","Gary Zandusky","GZ-14470"
633,"Consumer","Gary Zandusky","GZ-4470"
635,"Consumer","Helen Abelman","HA-14905"
636,"Consumer","Helen Andreada","HA-14920"
637,"Consumer","Helen Abelman","HA-4905"
638,"Consumer","Helen Andreada","HA-4920"
643,"Consumer","Herbert Flentye","HF-14995"
644,"Consumer","Herbert Flentye","HF-4995"
645,"Consumer","Harry Greene","HG-14845"
647,"Consumer","Hunter Glantz","HG-15025"
648,"Consumer","Harry Greene","HG-4845"
650,"Consumer","Hunter Glantz","HG-5025"
657,"Consumer","Hunter Lopez","HL-15040"
658,"Consumer","Hunter Lopez","HL-5040"
660,"Consumer","Henry MacAllister","HM-14980"
662,"Consumer","Henry MacAllister","HM-4980"
671,"Consumer","Henia Zydlo","HZ-14950"
672,"Consumer","Henia Zydlo","HZ-4950"
673,"Consumer","Ivan Gibson","IG-15085"
674,"Consumer","Ivan Gibson","IG-5085"
675,"Consumer","Ivan Liston","IL-15100"
676,"Consumer","Ivan Liston","IL-5100"
677,"Consumer","Ionia McGrath","IM-15055"
678,"Consumer","Irene Maddox","IM-15070"
679,"Consumer","Ionia McGrath","IM-5055"
680,"Consumer","Irene Maddox","IM-5070"
681,"Consumer","Joseph Airdo","JA-15970"
682,"Consumer","Joseph Airdo","JA-5970"
684,"Consumer","Joni Blumstein","JB-15925"
685,"Consumer","Joy Bell-","JB-16000"
688,"Consumer","Joni Blumstein","JB-5925"
689,"Consumer","Joy Bell-","JB-6000"
691,"Consumer","Jasper Cacioppo","JC-15340"
692,"Consumer","Jenna Caffey","JC-15385"
693,"Consumer","John Castell","JC-15775"
695,"Consumer","Jasper Cacioppo","JC-5340"
696,"Consumer","Jenna Caffey","JC-5385"
697,"Consumer","John Castell","JC-5775"
699,"Consumer","John Dryer","JD-15790"
701,"Consumer","Joy Daniels","JD-16015"
702,"Consumer","Julia Dunbar","JD-16060"
704,"Consumer","John Dryer","JD-5790"
706,"Consumer","Joy Daniels","JD-6015"
707,"Consumer","Julia Dunbar","JD-6060"
709,"Consumer","Jeremy Ellison","JE-15475"
711,"Consumer","Joe Elijah","JE-15715"
712,"Consumer","Joel Eaton","JE-15745"
714,"Consumer","Jeremy Ellison","JE-5475"
716,"Consumer","Joe Elijah","JE-5715"
717,"Consumer","Joel Eaton","JE-5745"
719,"Consumer","Jamie Frazer","JF-15190"
720,"Consumer","Jason Fortune-","JF-15295"
721,"Consumer","Jay Fein","JF-15355"
722,"Consumer","Jennifer Ferguson","JF-15415"
723,"Consumer","Jeremy Farry","JF-15490"
724,"Consumer","Jill Fjeld","JF-15565"
725,"Consumer","Jamie Frazer","JF-5190"
726,"Consumer","Jason Fortune-","JF-5295"
727,"Consumer","Jay Fein","JF-5355"
728,"Consumer","Jennifer Ferguson","JF-5415"
729,"Consumer","Jeremy Farry","JF-5490"
730,"Consumer","Jill Fjeld","JF-5565"
731,"Consumer","Jack Garza","JG-15115"
732,"Consumer","James Galang","JG-15160"
735,"Consumer","Jack Garza","JG-5115"
736,"Consumer","James Galang","JG-5160"
739,"Consumer","Jennifer Halladay","JH-15430"
740,"Consumer","John Huston","JH-15820"
741,"Consumer","Jonathan Howell","JH-15910"
742,"Consumer","Joseph Holt","JH-15985"
743,"Consumer","Justin Hirsh","JH-16180"
744,"Consumer","Jennifer Halladay","JH-5430"
745,"Consumer","John Huston","JH-5820"
746,"Consumer","Jonathan Howell","JH-5910"
747,"Consumer","Joseph Holt","JH-5985"
748,"Consumer","Justin Hirsh","JH-6180"
749,"Consumer","Jennifer Jackson","JJ-15445"
751,"Consumer","Jennifer Jackson","JJ-5445"
753,"Consumer","Jamie Kunitz","JK-15205"
755,"Consumer","Jay Kimmel","JK-15370"
756,"Consumer","Jim Karlsson","JK-15625"
758,"Consumer","Joe Kamberova","JK-15730"
759,"Consumer","Juliana Krohn","JK-16090"
761,"Consumer","Jamie Kunitz","JK-5205"
763,"Consumer","Jay Kimmel","JK-5370"
764,"Consumer","Jim Karlsson","JK-5625"
766,"Consumer","Joe Kamberova","JK-5730"
767,"Consumer","Juliana Krohn","JK-6090"
769,"Consumer","Jack Lebron","JL-15130"
771,"Consumer","Janet Lee","JL-15235"
772,"Consumer","Jeremy Lonsdale","JL-15505"
773,"Consumer","John Lee","JL-15835"
774,"Consumer","John Lucas","JL-15850"
775,"Consumer","Jack Lebron","JL-5130"
777,"Consumer","Janet Lee","JL-5235"
778,"Consumer","Jeremy Lonsdale","JL-5505"
779,"Consumer","John Lee","JL-5835"
780,"Consumer","John Lucas","JL-5850"
781,"Consumer","Janet Martin","JM-15250"
783,"Consumer","Jessica Myrick","JM-15535"
784,"Consumer","Jill Matthias","JM-15580"
786,"Consumer","John Murray","JM-15865"
787,"Consumer","Justin MacKendrick","JM-16195"
788,"Consumer","Janet Martin","JM-5250"
790,"Consumer","Jessica Myrick","JM-5535"
791,"Consumer","Jill Matthias","JM-5580"
793,"Consumer","John Murray","JM-5865"
794,"Consumer","Justin MacKendrick","JM-6195"
796,"Consumer","Jas O'Carroll","JO-15280"
799,"Consumer","Jas O'Carroll","JO-5280"
802,"Consumer","Jeremy Pistek","JP-15520"
805,"Consumer","Jeremy Pistek","JP-5520"
807,"Consumer","Jim Radford","JR-15670"
808,"Consumer","Jocasta Rupert","JR-15700"
810,"Consumer","Jim Radford","JR-5670"
811,"Consumer","Jocasta Rupert","JR-5700"
815,"Consumer","John Stevenson","JS-15880"
817,"Consumer","Joy Smith","JS-16030"
820,"Consumer","John Stevenson","JS-5880"
822,"Consumer","Joy Smith","JS-6030"
824,"Consumer","Joni Wasserman","JW-15955"
825,"Consumer","Julia West","JW-16075"
827,"Consumer","Joni Wasserman","JW-5955"
828,"Consumer","Julia West","JW-6075"
829,"Consumer","Kelly Andreada","KA-16525"
830,"Consumer","Kelly Andreada","KA-6525"
832,"Consumer","Karl Braun","KB-16315"
837,"Consumer","Karl Braun","KB-6315"
842,"Consumer","Kelly Collister","KC-16540"
845,"Consumer","Kelly Collister","KC-6540"
847,"Consumer","Karen Daniels","KD-16270"
848,"Consumer","Katherine Ducich","KD-16345"
851,"Consumer","Katherine Ducich","KD-6345"
859,"Consumer","Katherine Hughes","KH-16360"
860,"Consumer","Keith Herrera","KH-16510"
864,"Consumer","Katherine Hughes","KH-6360"
865,"Consumer","Keith Herrera","KH-6510"
869,"Consumer","Ken Lonsdale","KL-16645"
871,"Consumer","Ken Lonsdale","KL-6645"
874,"Consumer","Khloe Miller","KM-16660"
875,"Consumer","Kunst Miller","KM-16720"
878,"Consumer","Khloe Miller","KM-6660"
879,"Consumer","Kunst Miller","KM-6720"
888,"Consumer","Kean Takahito","KT-16465"
889,"Consumer","Kean Thornton","KT-16480"
890,"Consumer","Kean Takahito","KT-6465"
891,"Consumer","Kean Thornton","KT-6480"
892,"Consumer","Katrina Willman","KW-16435"
893,"Consumer","Kelly Williams","KW-16570"
894,"Consumer","Katrina Willman","KW-6435"
895,"Consumer","Kelly Williams","KW-6570"
898,"Consumer","Larry Blacks","LB-16735"
900,"Consumer","Larry Blacks","LB-6735"
902,"Consumer","Lena Cacioppo","LC-16870"
903,"Consumer","Lena Creighton","LC-16885"
906,"Consumer","Liz Carlisle","LC-17050"
907,"Consumer","Logan Currie","LC-17140"
908,"Consumer","Lena Cacioppo","LC-6870"
909,"Consumer","Lena Creighton","LC-6885"
912,"Consumer","Liz Carlisle","LC-7050"
913,"Consumer","Logan Currie","LC-7140"
915,"Consumer","Lisa DeCherney","LD-17005"
917,"Consumer","Lisa DeCherney","LD-7005"
918,"Consumer","Laurel Elliston","LE-16810"
919,"Consumer","Laurel Elliston","LE-6810"
920,"Consumer","Luke Foster","LF-17185"
921,"Consumer","Luke Foster","LF-7185"
922,"Consumer","Larry Hughes","LH-16750"
923,"Consumer","Lena Hernandez","LH-16900"
924,"Consumer","Lisa Hazard","LH-17020"
925,"Consumer","Logan Haushalter","LH-17155"
926,"Consumer","Larry Hughes","LH-6750"
927,"Consumer","Lena Hernandez","LH-6900"
928,"Consumer","Lisa Hazard","LH-7020"
929,"Consumer","Logan Haushalter","LH-7155"
930,"Consumer","Lauren Leatherbury","LL-16840"
931,"Consumer","Lauren Leatherbury","LL-6840"
932,"Consumer","Liz MacKendrick","LM-17065"
933,"Consumer","Liz MacKendrick","LM-7065"
936,"Consumer","Liz Pelletier","LP-17080"
937,"Consumer","Liz Preis","LP-17095"
938,"Consumer","Liz Pelletier","LP-7080"
939,"Consumer","Liz Preis","LP-7095"
940,"Consumer","Lena Radford","LR-16915"
942,"Consumer","Lena Radford","LR-6915"
947,"Consumer","Lycoris Saunders","LS-17230"
948,"Consumer","Lynn Smith","LS-17245"
952,"Consumer","Lycoris Saunders","LS-7230"
953,"Consumer","Lynn Smith","LS-7245"
954,"Consumer","Larry Tron","LT-16765"
955,"Consumer","Liz Thompson","LT-17110"
956,"Consumer","Larry Tron","LT-6765"
957,"Consumer","Liz Thompson","LT-7110"
960,"Consumer","Liz Willingham","LW-17125"
961,"Consumer","Luke Weiss","LW-17215"
964,"Consumer","Liz Willingham","LW-7125"
965,"Consumer","Luke Weiss","LW-7215"
970,"Consumer","Maria Bertelson","MB-17305"
971,"Consumer","Mick Brown","MB-18085"
972,"Consumer","Maria Bertelson","MB-7305"
973,"Consumer","Mick Brown","MB-8085"
974,"Consumer","Marc Crier","MC-17275"
976,"Consumer","Matt Collins","MC-17575"
980,"Consumer","Michael Chen","MC-17845"
981,"Consumer","Mick Crebagga","MC-18100"
983,"Consumer","Marc Crier","MC-7275"
985,"Consumer","Matt Collins","MC-7575"
989,"Consumer","Michael Chen","MC-7845"
990,"Consumer","Mick Crebagga","MC-8100"
992,"Consumer","Maribeth Dona","MD-17350"
994,"Consumer","Maribeth Dona","MD-7350"
997,"Consumer","Max Engle","ME-17725"
1000,"Consumer","Max Engle","ME-7725"
1008,"Consumer","Maureen Gnade","MG-17695"
1011,"Consumer","Mike Gockenbach","MG-18145"
1015,"Consumer","Maureen Gnade","MG-7695"
1018,"Consumer","Mike Gockenbach","MG-8145"
1022,"Consumer","Mark Hamilton","MH-17455"
1025,"Consumer","Michelle Huthwaite","MH-18025"
1029,"Consumer","Mark Hamilton","MH-7455"
1032,"Consumer","Michelle Huthwaite","MH-8025"
1034,"Consumer","Max Jones","MJ-17740"
1035,"Consumer","Max Jones","MJ-7740"
1037,"Consumer","Mike Kennedy","MK-18160"
1039,"Consumer","Mike Kennedy","MK-8160"
1041,"Consumer","Maris LaWare","ML-17410"
1044,"Consumer","Muhammed Lee","ML-18265"
1046,"Consumer","Maris LaWare","ML-7410"
1049,"Consumer","Muhammed Lee","ML-8265"
1050,"Consumer","Magdelene Morse","MM-17260"
1051,"Consumer","Michael Moore","MM-17920"
1052,"Consumer","Michelle Moray","MM-18055"
1054,"Consumer","Magdelene Morse","MM-7260"
1055,"Consumer","Michael Moore","MM-7920"
1056,"Consumer","Michelle Moray","MM-8055"
1058,"Consumer","Michael Nguyen","MN-17935"
1059,"Consumer","Michael Nguyen","MN-7935"
1060,"Consumer","Mary O'Rourke","MO-17500"
1062,"Consumer","Michael Oakman","MO-17950"
1063,"Consumer","Mary O'Rourke","MO-7500"
1065,"Consumer","Michael Oakman","MO-7950"
1074,"Consumer","Maribeth Schnelling","MS-17365"
1075,"Consumer","MaryBeth Skach","MS-17530"
1076,"Consumer","Maurice Satty","MS-17710"
1077,"Consumer","Maxwell Schwartz","MS-17770"
1078,"Consumer","Melanie Seite","MS-17830"
1080,"Consumer","Maribeth Schnelling","MS-7365"
1081,"Consumer","MaryBeth Skach","MS-7530"
1082,"Consumer","Maurice Satty","MS-7710"
1083,"Consumer","Maxwell Schwartz","MS-7770"
1084,"Consumer","Melanie Seite","MS-7830"
1086,"Consumer","Meg Tillman","MT-17815"
1088,"Consumer","Meg Tillman","MT-7815"
1090,"Consumer","Mark Van Huff","MV-17485"
1091,"Consumer","Mike Vittorini","MV-18190"
1092,"Consumer","Mark Van Huff","MV-7485"
1093,"Consumer","Mike Vittorini","MV-8190"
1094,"Consumer","Mitch Webber","MW-18220"
1096,"Consumer","Mitch Webber","MW-8220"
1110,"Consumer","Nat Carroll","NC-18340"
1111,"Consumer","Nathan Cano","NC-18415"
1114,"Consumer","Nat Carroll","NC-8340"
1115,"Consumer","Nathan Cano","NC-8415"
1118,"Consumer","Natalie DeCherney","ND-18370"
1120,"Consumer","Natalie DeCherney","ND-8370"
1122,"Consumer","Natalie Fritzler","NF-18385"
1125,"Consumer","Natalie Fritzler","NF-8385"
1129,"Consumer","Nathan Gelder","NG-18430"
1131,"Consumer","Nathan Gelder","NG-8430"
1139,"Consumer","Neoma Murray","NM-18520"
1141,"Consumer","Neoma Murray","NM-8520"
1142,"Consumer","Naresj Patel","NP-18325"
1143,"Consumer","Nora Paige","NP-18670"
1145,"Consumer","Nora Preis","NP-18700"
1146,"Consumer","Naresj Patel","NP-8325"
1147,"Consumer","Nora Paige","NP-8670"
1149,"Consumer","Nora Preis","NP-8700"
1150,"Consumer","Nick Radford","NR-18550"
1151,"Consumer","Nick Radford","NR-8550"
1152,"Consumer","Neola Schneider","NS-18505"
1154,"Consumer","Neola Schneider","NS-8505"
1156,"Consumer","Natalie Webber","NW-18400"
1157,"Consumer","Natalie Webber","NW-8400"
1162,"Consumer","Olvera Toch","OT-18730"
1163,"Consumer","Olvera Toch","OT-8730"
1167,"Consumer","Peter Bühler","PB-19105"
1168,"Consumer","Philip Brown","PB-19150"
1171,"Consumer","Peter Bühler","PB-9105"
1172,"Consumer","Philip Brown","PB-9150"
1178,"Consumer","Peter Fuller","PF-19120"
1179,"Consumer","Philip Fox","PF-19165"
1180,"Consumer","Phillip Flathmann","PF-19225"
1181,"Consumer","Peter Fuller","PF-9120"
1182,"Consumer","Philip Fox","PF-9165"
1183,"Consumer","Phillip Flathmann","PF-9225"
1184,"Consumer","Patrick Gardner","PG-18820"
1185,"Consumer","Paul Gonzalez","PG-18895"
1186,"Consumer","Patrick Gardner","PG-8820"
1187,"Consumer","Paul Gonzalez","PG-8895"
1191,"Consumer","Pauline Johnson","PJ-19015"
1193,"Consumer","Pauline Johnson","PJ-9015"
1195,"Consumer","Pete Kriz","PK-19075"
1197,"Consumer","Pete Kriz","PK-9075"
1200,"Consumer","Paul MacIntyre","PM-18940"
1202,"Consumer","Paul MacIntyre","PM-8940"
1206,"Consumer","Patrick O'Brill","PO-18850"
1207,"Consumer","Patrick O'Donnell","PO-18865"
1210,"Consumer","Patrick O'Brill","PO-8850"
1211,"Consumer","Patrick O'Donnell","PO-8865"
1216,"Consumer","Patrick Ryan","PR-18880"
1217,"Consumer","Patrick Ryan","PR-8880"
1218,"Consumer","Pamela Stobb","PS-18760"
1221,"Consumer","Pamela Stobb","PS-8760"
1224,"Consumer","Pete Takahito","PT-19090"
1225,"Consumer","Pete Takahito","PT-9090"
1229,"Consumer","Pierre Wener","PW-19240"
1231,"Consumer","Pierre Wener","PW-9240"
1234,"Consumer","Ralph Arnett","RA-19285"
1236,"Consumer","Russell Applegate","RA-19915"
1237,"Consumer","Ryan Akin","RA-19945"
1238,"Consumer","Ralph Arnett","RA-9285"
1240,"Consumer","Russell Applegate","RA-9915"
1241,"Consumer","Ryan Akin","RA-9945"
1242,"Consumer","Randy Bradley","RB-19330"
1243,"Consumer","Raymond Buch","RB-19360"
1244,"Consumer","Richard Bierner","RB-19435"
1246,"Consumer","Rob Beeghly","RB-19570"
1250,"Consumer","Randy Bradley","RB-9330"
1251,"Consumer","Raymond Buch","RB-9360"
1252,"Consumer","Richard Bierner","RB-9435"
1254,"Consumer","Rob Beeghly","RB-9570"
1258,"Consumer","Roy Collins","RC-19825"
1259,"Consumer","Ryan Crowe","RC-19960"
1260,"Consumer","Roy Collins","RC-9825"
1261,"Consumer","Ryan Crowe","RC-9960"
1262,"Consumer","Rick Duston","RD-19480"
1263,"Consumer","Rob Dowd","RD-19585"
1265,"Consumer","Roger Demir","RD-19720"
1267,"Consumer","Ruben Dartt","RD-19900"
1268,"Consumer","Russell D'Ascenzo","RD-19930"
1269,"Consumer","Rick Duston","RD-9480"
1270,"Consumer","Rob Dowd","RD-9585"
1272,"Consumer","Roger Demir","RD-9720"
1274,"Consumer","Ruben Dartt","RD-9900"
1275,"Consumer","Russell D'Ascenzo","RD-9930"
1276,"Consumer","Ricardo Emerson","RE-19405"
1277,"Consumer","Richard Eichhorn","RE-19450"
1278,"Consumer","Ricardo Emerson","RE-9405"
1279,"Consumer","Richard Eichhorn","RE-9450"
1281,"Consumer","Roland Fjeld","RF-19735"
1282,"Consumer","Roy Französisch","RF-19840"
1284,"Consumer","Roland Fjeld","RF-9735"
1285,"Consumer","Roy Französisch","RF-9840"
1286,"Consumer","Rick Hansen","RH-19495"
1288,"Consumer","Ritsa Hightower","RH-19555"
1289,"Consumer","Rob Haberlin","RH-19600"
1290,"Consumer","Rick Hansen","RH-9495"
1292,"Consumer","Ritsa Hightower","RH-9555"
1293,"Consumer","Rob Haberlin","RH-9600"
1294,"Consumer","Ralph Kennedy","RK-19300"
1295,"Consumer","Ralph Kennedy","RK-9300"
1296,"Consumer","Rob Lucas","RL-19615"
1297,"Consumer","Rob Lucas","RL-9615"
1298,"Consumer","Raymond Messe","RM-19375"
1300,"Consumer","Roland Murray","RM-19750"
1301,"Consumer","Raymond Messe","RM-9375"
1303,"Consumer","Roland Murray","RM-9750"
1304,"Consumer","Rose O'Brian","RO-19780"
1305,"Consumer","Rose O'Brian","RO-9780"
1307,"Consumer","Resi Pölking","RP-19390"
1310,"Consumer","Resi Pölking","RP-9390"
1312,"Consumer","Ralph Ritter","RR-19315"
1314,"Consumer","Ralph Ritter","RR-9315"
1324,"Consumer","Robert Waldorf","RW-19690"
1327,"Consumer","Robert Waldorf","RW-9690"
1328,"Consumer","Sue Ann Reed","SA-10830"
1329,"Consumer","Sue Ann Reed","SA-20830"
1330,"Consumer","Sarah Bern","SB-10170"
1331,"Consumer","Sarah Brown","SB-10185"
1333,"Consumer","Sarah Bern","SB-20170"
1334,"Consumer","Sarah Brown","SB-20185"
1336,"Consumer","Sam Craven","SC-10020"
1338,"Consumer","Sanjit Chand","SC-10095"
1341,"Consumer","Sean Christensen","SC-10305"
1342,"Consumer","Shahid Collister","SC-10380"
1344,"Consumer","Sonia Cooley","SC-10575"
1347,"Consumer","Steven Cartwright","SC-10725"
1349,"Consumer","Stuart Calhoun","SC-10800"
1350,"Consumer","Sung Chung","SC-10845"
1351,"Consumer","Sam Craven","SC-20020"
1353,"Consumer","Sanjit Chand","SC-20095"
1356,"Consumer","Sean Christensen","SC-20305"
1357,"Consumer","Shahid Collister","SC-20380"
1359,"Consumer","Sonia Cooley","SC-20575"
1362,"Consumer","Steven Cartwright","SC-20725"
1364,"Consumer","Stuart Calhoun","SC-20800"
1365,"Consumer","Sung Chung","SC-20845"
1368,"Consumer","Sanjit Engle","SE-10110"
1369,"Consumer","Sanjit Engle","SE-20110"
1370,"Consumer","Sandra Flanagan","SF-10065"
1371,"Consumer","Sarah Foster","SF-10200"
1373,"Consumer","Sandra Flanagan","SF-20065"
1374,"Consumer","Sarah Foster","SF-20200"
1376,"Consumer","Sandra Glassco","SG-10080"
1377,"Consumer","Sheri Gordon","SG-10470"
1378,"Consumer","Speros Goranitis","SG-10605"
1380,"Consumer","Sandra Glassco","SG-20080"
1381,"Consumer","Sheri Gordon","SG-20470"
1382,"Consumer","Speros Goranitis","SG-20605"
1384,"Consumer","Shahid Hopkins","SH-10395"
1387,"Consumer","Shahid Hopkins","SH-20395"
1391,"Consumer","Sarah Jordon","SJ-10215"
1392,"Consumer","Shirley Jackson","SJ-10500"
1394,"Consumer","Sarah Jordon","SJ-20215"
1395,"Consumer","Shirley Jackson","SJ-20500"
1396,"Consumer","Sally Knutson","SK-19990"
1397,"Consumer","Sally Knutson","SK-9990"
1400,"Consumer","Sally Matthias","SM-10005"
1402,"Consumer","Susan MacKendrick","SM-10905"
1404,"Consumer","Sally Matthias","SM-20005"
1406,"Consumer","Susan MacKendrick","SM-20905"
1412,"Consumer","Sean O'Donnell","SO-10335"
1413,"Consumer","Sean O'Donnell","SO-20335"
1418,"Consumer","Susan Pistek","SP-10920"
1423,"Consumer","Susan Pistek","SP-20920"
1429,"Consumer","Shahid Shariari","SS-10410"
1431,"Consumer","Sonia Sunley","SS-10590"
1432,"Consumer","Sung Shariari","SS-10875"
1434,"Consumer","Shahid Shariari","SS-20410"
1436,"Consumer","Sonia Sunley","SS-20590"
1437,"Consumer","Sung Shariari","SS-20875"
1438,"Consumer","Shui Tom","ST-10530"
1439,"Consumer","Shui Tom","ST-20530"
1442,"Consumer","Seth Vernon","SV-10365"
1443,"Consumer","Stewart Visinsky","SV-10785"
1445,"Consumer","Susan Vittorini","SV-10935"
1446,"Consumer","Seth Vernon","SV-20365"
1447,"Consumer","Stewart Visinsky","SV-20785"
1449,"Consumer","Susan Vittorini","SV-20935"
1450,"Consumer","Scot Wooten","SW-10245"
1451,"Consumer","Scott Williamson","SW-10275"
1453,"Consumer","Shaun Weien","SW-10455"
1455,"Consumer","Scot Wooten","SW-20245"
1456,"Consumer","Scott Williamson","SW-20275"
1458,"Consumer","Shaun Weien","SW-20455"
1464,"Consumer","Ted Butterfield","TB-11055"
1467,"Consumer","Tim Brockman","TB-11250"
1468,"Consumer","Toby Braunhardt","TB-11280"
1470,"Consumer","Tom Boeckenhauer","TB-11400"
1471,"Consumer","Tracy Blumstein","TB-11520"
1472,"Consumer","Troy Blackwell","TB-11595"
1473,"Consumer","Trudy Brown","TB-11625"
1474,"Consumer","Ted Butterfield","TB-21055"
1477,"Consumer","Tim Brockman","TB-21250"
1478,"Consumer","Toby Braunhardt","TB-21280"
1480,"Consumer","Tom Boeckenhauer","TB-21400"
1481,"Consumer","Tracy Blumstein","TB-21520"
1482,"Consumer","Troy Blackwell","TB-21595"
1483,"Consumer","Trudy Brown","TB-21625"
1486,"Consumer","Toby Carlisle","TC-11295"
1491,"Consumer","Toby Carlisle","TC-21295"
1494,"Consumer","Tamara Dahlen","TD-10995"
1495,"Consumer","Tamara Dahlen","TD-20995"
1496,"Consumer","Toby Gnade","TG-11310"
1497,"Consumer","Trudy Glocke","TG-11640"
1498,"Consumer","Toby Gnade","TG-21310"
1499,"Consumer","Trudy Glocke","TG-21640"
1500,"Consumer","Thea Hendricks","TH-11100"
1504,"Consumer","Thea Hendricks","TH-21100"
1508,"Consumer","Tamara Manning","TM-11010"
1509,"Consumer","Tony Molinari","TM-11490"
1510,"Consumer","Tamara Manning","TM-21010"
1511,"Consumer","Tony Molinari","TM-21490"
1514,"Consumer","Theone Pippenger","TP-11130"
1515,"Consumer","Tom Prescott","TP-11415"
1517,"Consumer","Theone Pippenger","TP-21130"
1518,"Consumer","Tom Prescott","TP-21415"
1520,"Consumer","Toby Ritter","TR-11325"
1521,"Consumer","Toby Ritter","TR-21325"
1522,"Consumer","Thais Sissman","TS-11085"
1525,"Consumer","Toby Swindell","TS-11340"
1528,"Consumer","Tony Sayre","TS-11505"
1529,"Consumer","Troy Staebel","TS-11610"
1530,"Consumer","Trudy Schmidt","TS-11655"
1531,"Consumer","Thais Sissman","TS-21085"
1534,"Consumer","Toby Swindell","TS-21340"
1537,"Consumer","Tony Sayre","TS-21505"
1538,"Consumer","Troy Staebel","TS-21610"
1539,"Consumer","Trudy Schmidt","TS-21655"
1540,"Consumer","Ted Trevino","TT-11070"
1541,"Consumer","Thomas Thornton","TT-11220"
1544,"Consumer","Ted Trevino","TT-21070"
1545,"Consumer","Thomas Thornton","TT-21220"
1551,"Consumer","Tracy Zic","TZ-11580"
1553,"Consumer","Tracy Zic","TZ-21580"
1556,"Consumer","Valerie Dominguez","VD-11670"
1557,"Consumer","Valerie Dominguez","VD-21670"
1560,"Consumer","Vivek Gonzalez","VG-11790"
1562,"Consumer","Vivek Gonzalez","VG-21790"
1565,"Consumer","Vivian Mathis","VM-11835"
1567,"Consumer","Vivian Mathis","VM-21835"
1572,"Consumer","Vivek Sundaresam","VS-11820"
1573,"Consumer","Vivek Sundaresam","VS-21820"
1578,"Consumer","William Brown","WB-11850"
1579,"Consumer","William Brown","WB-21850"
1580,"Consumer","Xylona Preis","XP-11865"
1581,"Consumer","Xylona Preis","XP-21865"
1586,"Consumer","Zuschuss Carroll","ZC-11910"
1587,"Consumer","Zuschuss Carroll","ZC-21910"
1588,"Consumer","Zuschuss Donatelli","ZD-11925"
1589,"Consumer","Zuschuss Donatelli","ZD-21925"
16,"Corporate","Ann Blume","AB-10600"
22,"Corporate","Ann Blume","AB-600"
23,"Corporate","Alyssa Crouse","AC-10420"
25,"Corporate","Ann Chong","AC-10615"
27,"Corporate","Alyssa Crouse","AC-420"
29,"Corporate","Ann Chong","AC-615"
38,"Corporate","Aleksandra Gannaway","AG-10300"
41,"Corporate","Andrew Gjertsen","AG-10495"
42,"Corporate","Andy Gerbode","AG-10525"
47,"Corporate","Aleksandra Gannaway","AG-300"
50,"Corporate","Andrew Gjertsen","AG-495"
51,"Corporate","Andy Gerbode","AG-525"
55,"Corporate","Aaron Hawkins","AH-10030"
56,"Corporate","Adam Hart","AH-10075"
58,"Corporate","Alan Haines","AH-10195"
62,"Corporate","Anna Häberlin","AH-10690"
64,"Corporate","Alan Haines","AH-195"
66,"Corporate","Aaron Hawkins","AH-30"
69,"Corporate","Anna Häberlin","AH-690"
70,"Corporate","Adam Hart","AH-75"
73,"Corporate","Anthony Jacobs","AJ-10780"
74,"Corporate","Anthony Johnson","AJ-10795"
77,"Corporate","Anthony Jacobs","AJ-780"
78,"Corporate","Anthony Johnson","AJ-795"
81,"Corporate","Alice McCarthy","AM-10360"
83,"Corporate","Alice McCarthy","AM-360"
85,"Corporate","Anthony O'Donnell","AO-10810"
86,"Corporate","Anthony O'Donnell","AO-810"
91,"Corporate","Alex Russell","AR-10345"
92,"Corporate","Allen Rosenblatt","AR-10405"
96,"Corporate","Anthony Rawles","AR-10825"
97,"Corporate","Alex Russell","AR-345"
98,"Corporate","Allen Rosenblatt","AR-405"
102,"Corporate","Anthony Rawles","AR-825"
103,"Corporate","Aaron Smayling","AS-10045"
106,"Corporate","Alan Schoenberger","AS-10225"
108,"Corporate","Alejandro Savely","AS-10285"
111,"Corporate","Alan Schoenberger","AS-225"
113,"Corporate","Alejandro Savely","AS-285"
114,"Corporate","Aaron Smayling","AS-45"
125,"Corporate","Andy Yotov","AY-10555"
126,"Corporate","Andy Yotov","AY-555"
129,"Corporate","Barry Blumstein","BB-10990"
130,"Corporate","Brenda Bowman","BB-11545"
131,"Corporate","Brenda Bowman","BB-1545"
132,"Corporate","Barry Blumstein","BB-990"
158,"Corporate","Barry Französisch","BF-1020"
160,"Corporate","Barbara Fisher","BF-10975"
162,"Corporate","Barry Französisch","BF-11020"
166,"Corporate","Beth Fritzler","BF-11275"
169,"Corporate","Beth Fritzler","BF-1275"
170,"Corporate","Barbara Fisher","BF-975"
173,"Corporate","Brooke Gillingham","BG-11695"
175,"Corporate","Brooke Gillingham","BG-1695"
183,"Corporate","Brendan Murry","BM-11575"
184,"Corporate","Brian Moss","BM-11650"
186,"Corporate","Brendan Murry","BM-1575"
187,"Corporate","Brian Moss","BM-1650"
189,"Corporate","Brad Norvell","BN-11470"
191,"Corporate","Brad Norvell","BN-1470"
193,"Corporate","Bill Overfelt","BO-11350"
195,"Corporate","Bill Overfelt","BO-1350"
197,"Corporate","Barry Pond","BP-1050"
198,"Corporate","Bart Pistole","BP-1095"
199,"Corporate","Barry Pond","BP-11050"
200,"Corporate","Bart Pistole","BP-11095"
202,"Corporate","Ben Peterman","BP-11185"
206,"Corporate","Ben Peterman","BP-1185"
209,"Corporate","Bill Shonely","BS-11365"
210,"Corporate","Bill Stewart","BS-11380"
211,"Corporate","Brendan Sweed","BS-11590"
215,"Corporate","Bill Shonely","BS-1365"
216,"Corporate","Bill Stewart","BS-1380"
217,"Corporate","Brendan Sweed","BS-1590"
222,"Corporate","Bill Tyler","BT-11395"
228,"Corporate","Bill Tyler","BT-1395"
233,"Corporate","Benjamin Venier","BV-11245"
234,"Corporate","Benjamin Venier","BV-1245"
237,"Corporate","Bart Watters","BW-1110"
238,"Corporate","Bart Watters","BW-11110"
241,"Corporate","Carol Adams","CA-11965"
244,"Corporate","Christine Abelman","CA-12310"
246,"Corporate","Carol Adams","CA-1965"
249,"Corporate","Christine Abelman","CA-2310"
253,"Corporate","Claudia Bergmann","CB-12535"
256,"Corporate","Claudia Bergmann","CB-2535"
264,"Corporate","Corey Catlett","CC-12610"
274,"Corporate","Corey Catlett","CC-2610"
291,"Corporate","Carl Jackson","CJ-11875"
293,"Corporate","Carl Jackson","CJ-1875"
298,"Corporate","Cyma Kinney","CK-12760"
302,"Corporate","Cyma Kinney","CK-2760"
309,"Corporate","Candace McMahon","CM-11815"
310,"Corporate","Cari MacIntyre","CM-11830"
319,"Corporate","Craig Molinari","CM-12715"
320,"Corporate","Candace McMahon","CM-1815"
321,"Corporate","Cari MacIntyre","CM-1830"
330,"Corporate","Craig Molinari","CM-2715"
331,"Corporate","Cathy Prescott","CP-12085"
332,"Corporate","Christine Phan","CP-12340"
333,"Corporate","Cathy Prescott","CP-2085"
334,"Corporate","Christine Phan","CP-2340"
343,"Corporate","Cari Sayre","CS-11845"
347,"Corporate","Charles Sheldon","CS-12175"
348,"Corporate","Chris Selesnick","CS-12250"
352,"Corporate","Cindy Schnelling","CS-12490"
354,"Corporate","Cari Sayre","CS-1845"
358,"Corporate","Charles Sheldon","CS-2175"
359,"Corporate","Chris Selesnick","CS-2250"
363,"Corporate","Cindy Schnelling","CS-2490"
368,"Corporate","Cynthia Voltz","CV-12805"
370,"Corporate","Cynthia Voltz","CV-2805"
373,"Corporate","Craig Yedwab","CY-12745"
374,"Corporate","Craig Yedwab","CY-2745"
380,"Corporate","Darren Budd","DB-12970"
382,"Corporate","David Bremer","DB-13120"
387,"Corporate","Dorothy Badders","DB-13555"
391,"Corporate","Darren Budd","DB-2970"
393,"Corporate","David Bremer","DB-3120"
398,"Corporate","Dorothy Badders","DB-3555"
411,"Corporate","Deirdre Greer","DG-13300"
412,"Corporate","Deirdre Greer","DG-3300"
413,"Corporate","Dave Hallsten","DH-13075"
415,"Corporate","Dave Hallsten","DH-3075"
417,"Corporate","Denny Joy","DJ-13420"
418,"Corporate","Don Jones","DJ-13510"
420,"Corporate","Denny Joy","DJ-3420"
421,"Corporate","Don Jones","DJ-3510"
423,"Corporate","Damala Kotsonis","DK-12835"
427,"Corporate","David Kendrick","DK-13150"
428,"Corporate","Dean Katz","DK-13225"
430,"Corporate","Damala Kotsonis","DK-2835"
434,"Corporate","David Kendrick","DK-3150"
435,"Corporate","Dean Katz","DK-3225"
441,"Corporate","Dionis Lloyd","DL-13495"
446,"Corporate","Dionis Lloyd","DL-3495"
447,"Corporate","Dario Medina","DM-12955"
449,"Corporate","Denise Monton","DM-13345"
450,"Corporate","Don Miller","DM-13525"
451,"Corporate","Dario Medina","DM-2955"
453,"Corporate","Denise Monton","DM-3345"
454,"Corporate","Don Miller","DM-3525"
462,"Corporate","Dave Poirier","DP-13105"
466,"Corporate","Dave Poirier","DP-3105"
469,"Corporate","Dan Reichenbach","DR-12880"
471,"Corporate","Dan Reichenbach","DR-2880"
474,"Corporate","David Smith","DS-13180"
476,"Corporate","David Smith","DS-3180"
477,"Corporate","Darrin Van Huff","DV-13045"
479,"Corporate","Darrin Van Huff","DV-3045"
481,"Corporate","David Wiener","DW-13195"
484,"Corporate","Dorothy Wardle","DW-13585"
485,"Corporate","David Wiener","DW-3195"
488,"Corporate","Dorothy Wardle","DW-3585"
489,"Corporate","Dorris liebe","Dl-13600"
490,"Corporate","Dorris liebe","Dl-3600"
493,"Corporate","Erin Ashbrook","EA-14035"
494,"Corporate","Erin Ashbrook","EA-4035"
495,"Corporate","Ed Braxton","EB-13705"
496,"Corporate","Edward Becker","EB-13750"
497,"Corporate","Ellis Ballard","EB-13840"
500,"Corporate","Erica Bern","EB-13975"
503,"Corporate","Ed Braxton","EB-3705"
504,"Corporate","Edward Becker","EB-3750"
505,"Corporate","Ellis Ballard","EB-3840"
508,"Corporate","Erica Bern","EB-3975"
517,"Corporate","Edward Hooks","EH-13765"
523,"Corporate","Edward Hooks","EH-3765"
537,"Corporate","Eleni McCrary","EM-13810"
538,"Corporate","Elizabeth Moffitt","EM-13825"
541,"Corporate","Eudokia Martin","EM-14095"
544,"Corporate","Eleni McCrary","EM-3810"
545,"Corporate","Elizabeth Moffitt","EM-3825"
548,"Corporate","Eudokia Martin","EM-4095"
555,"Corporate","Elpida Rittenbach","ER-13855"
556,"Corporate","Elpida Rittenbach","ER-3855"
558,"Corporate","Erin Smith","ES-14080"
560,"Corporate","Erin Smith","ES-4080"
561,"Corporate","Frank Atkinson","FA-14230"
562,"Corporate","Frank Atkinson","FA-4230"
564,"Corporate","Fred Chung","FC-14335"
566,"Corporate","Fred Chung","FC-4335"
569,"Corporate","Frank Hawley","FH-14275"
571,"Corporate","Fred Hopkins","FH-14365"
572,"Corporate","Frank Hawley","FH-4275"
574,"Corporate","Fred Hopkins","FH-4365"
575,"Corporate","Filia McAdams","FM-14215"
578,"Corporate","Filia McAdams","FM-4215"
585,"Corporate","Fred Wasserman","FW-14395"
586,"Corporate","Fred Wasserman","FW-4395"
591,"Corporate","George Bell","GB-14530"
593,"Corporate","George Bell","GB-4530"
595,"Corporate","Giulietta Dortch","GD-14590"
596,"Corporate","Giulietta Dortch","GD-4590"
597,"Corporate","Greg Guthrie","GG-14650"
598,"Corporate","Greg Guthrie","GG-4650"
601,"Corporate","Gene Hale","GH-14485"
605,"Corporate","Gene Hale","GH-4485"
607,"Corporate","Grace Kelly","GK-14620"
608,"Corporate","Grace Kelly","GK-4620"
613,"Corporate","Greg Maxwell","GM-14695"
618,"Corporate","Greg Maxwell","GM-4695"
619,"Corporate","Guy Phonely","GP-14740"
620,"Corporate","Guy Phonely","GP-4740"
621,"Corporate","Georgia Rosenberg","GR-14560"
622,"Corporate","Georgia Rosenberg","GR-4560"
623,"Corporate","Grant Thornton","GT-14635"
626,"Corporate","Grant Thornton","GT-4635"
632,"Corporate","George Zrebassa","GZ-14545"
634,"Corporate","George Zrebassa","GZ-4545"
641,"Corporate","Harold Engle","HE-14800"
642,"Corporate","Harold Engle","HE-4800"
646,"Corporate","Henry Goldwyn","HG-14965"
649,"Corporate","Henry Goldwyn","HG-4965"
651,"Corporate","Hilary Holden","HH-15010"
652,"Corporate","Hilary Holden","HH-5010"
655,"Corporate","Heather Kirkland","HK-14890"
656,"Corporate","Heather Kirkland","HK-4890"
659,"Corporate","Harry Marie","HM-14860"
661,"Corporate","Harry Marie","HM-4860"
666,"Corporate","Harold Ryan","HR-14830"
668,"Corporate","Harold Ryan","HR-4830"
669,"Corporate","Helen Wasserman","HW-14935"
670,"Corporate","Helen Wasserman","HW-4935"
683,"Corporate","Jennifer Braxton","JB-15400"
687,"Corporate","Jennifer Braxton","JB-5400"
694,"Corporate","Julie Creighton","JC-16105"
698,"Corporate","Julie Creighton","JC-6105"
700,"Corporate","Jonathan Doherty","JD-15895"
703,"Corporate","Justin Deggeller","JD-16150"
705,"Corporate","Jonathan Doherty","JD-5895"
708,"Corporate","Justin Deggeller","JD-6150"
710,"Corporate","Jim Epp","JE-15610"
713,"Corporate","Justin Ellison","JE-16165"
715,"Corporate","Jim Epp","JE-5610"
718,"Corporate","Justin Ellison","JE-6165"
733,"Corporate","Jason Gross","JG-15310"
734,"Corporate","John Grady","JG-15805"
737,"Corporate","Jason Gross","JG-5310"
738,"Corporate","John Grady","JG-5805"
754,"Corporate","Jason Klamczynski","JK-15325"
762,"Corporate","Jason Klamczynski","JK-5325"
782,"Corporate","Janet Molinari","JM-15265"
785,"Corporate","Jim Mitchum","JM-15655"
789,"Corporate","Janet Molinari","JM-5265"
792,"Corporate","Jim Mitchum","JM-5655"
795,"Corporate","Jack O'Briant","JO-15145"
798,"Corporate","Jack O'Briant","JO-5145"
801,"Corporate","Jennifer Patt","JP-15460"
804,"Corporate","Jennifer Patt","JP-5460"
809,"Corporate","Justin Ritter","JR-16210"
812,"Corporate","Justin Ritter","JR-6210"
813,"Corporate","Jill Stevenson","JS-15595"
814,"Corporate","Jim Sink","JS-15685"
818,"Corporate","Jill Stevenson","JS-5595"
819,"Corporate","Jim Sink","JS-5685"
823,"Corporate","Jane Waco","JW-15220"
826,"Corporate","Jane Waco","JW-5220"
831,"Corporate","Karen Bern","KB-16240"
834,"Corporate","Ken Black","KB-16585"
835,"Corporate","Ken Brennan","KB-16600"
836,"Corporate","Karen Bern","KB-6240"
839,"Corporate","Ken Black","KB-6585"
840,"Corporate","Ken Brennan","KB-6600"
841,"Corporate","Karen Carlisle","KC-16255"
843,"Corporate","Kimberly Carter","KC-16675"
844,"Corporate","Karen Carlisle","KC-6255"
846,"Corporate","Kimberly Carter","KC-6675"
849,"Corporate","Keith Dawkins","KD-16495"
850,"Corporate","Ken Dana","KD-16615"
852,"Corporate","Keith Dawkins","KD-6495"
853,"Corporate","Ken Dana","KD-6615"
854,"Corporate","Katrina Edelman","KE-16420"
855,"Corporate","Katrina Edelman","KE-6420"
858,"Corporate","Katharine Harms","KH-16330"
861,"Corporate","Ken Heidel","KH-16630"
862,"Corporate","Kristen Hastings","KH-16690"
863,"Corporate","Katharine Harms","KH-6330"
866,"Corporate","Ken Heidel","KH-6630"
867,"Corporate","Kristen Hastings","KH-6690"
868,"Corporate","Kelly Lampkin","KL-16555"
870,"Corporate","Kelly Lampkin","KL-6555"
872,"Corporate","Kalyca Meade","KM-16225"
876,"Corporate","Kalyca Meade","KM-6225"
880,"Corporate","Katherine Nockton","KN-16390"
881,"Corporate","Kean Nguyen","KN-16450"
883,"Corporate","Katherine Nockton","KN-6390"
884,"Corporate","Kean Nguyen","KN-6450"
886,"Corporate","Karen Seio","KS-16300"
887,"Corporate","Karen Seio","KS-6300"
896,"Corporate","Laura Armstrong","LA-16780"
897,"Corporate","Laura Armstrong","LA-6780"
904,"Corporate","Linda Cazamias","LC-16930"
910,"Corporate","Linda Cazamias","LC-6930"
914,"Corporate","Lela Donovan","LD-16855"
916,"Corporate","Lela Donovan","LD-6855"
934,"Corporate","Lori Olson","LO-17170"
935,"Corporate","Lori Olson","LO-7170"
941,"Corporate","Lisa Ryan","LR-17035"
943,"Corporate","Lisa Ryan","LR-7035"
944,"Corporate","Linda Southworth","LS-16945"
946,"Corporate","Luke Schmidt","LS-17200"
949,"Corporate","Linda Southworth","LS-6945"
951,"Corporate","Luke Schmidt","LS-7200"
958,"Corporate","Laurel Workman","LW-16825"
959,"Corporate","Lindsay Williams","LW-16990"
962,"Corporate","Laurel Workman","LW-6825"
963,"Corporate","Lindsay Williams","LW-6990"
975,"Corporate","Mark Cousins","MC-17425"
977,"Corporate","Matt Collister","MC-17590"
978,"Corporate","Matt Connell","MC-17605"
979,"Corporate","Matthew Clasen","MC-17635"
982,"Corporate","Mike Caudle","MC-18130"
984,"Corporate","Mark Cousins","MC-7425"
986,"Corporate","Matt Collister","MC-7590"
987,"Corporate","Matt Connell","MC-7605"
988,"Corporate","Matthew Clasen","MC-7635"
991,"Corporate","Mike Caudle","MC-8130"
993,"Corporate","Michael Dominguez","MD-17860"
995,"Corporate","Michael Dominguez","MD-7860"
998,"Corporate","Michelle Ellison","ME-18010"
1001,"Corporate","Michelle Ellison","ME-8010"
1002,"Corporate","Maureen Fritzler","MF-17665"
1003,"Corporate","Monica Federle","MF-18250"
1004,"Corporate","Maureen Fritzler","MF-7665"
1005,"Corporate","Monica Federle","MF-8250"
1012,"Corporate","Mitch Gastineau","MG-18205"
1019,"Corporate","Mitch Gastineau","MG-8205"
1021,"Corporate","Mark Haberlin","MH-17440"
1023,"Corporate","Matt Hagelstein","MH-17620"
1024,"Corporate","Maya Herman","MH-17785"
1028,"Corporate","Mark Haberlin","MH-7440"
1030,"Corporate","Matt Hagelstein","MH-7620"
1031,"Corporate","Maya Herman","MH-7785"
1036,"Corporate","Michael Kennedy","MK-17905"
1038,"Corporate","Michael Kennedy","MK-7905"
1040,"Corporate","Marina Lichtenstein","ML-17395"
1043,"Corporate","Michelle Lonsdale","ML-18040"
1045,"Corporate","Marina Lichtenstein","ML-7395"
1048,"Corporate","Michelle Lonsdale","ML-8040"
1053,"Corporate","Muhammed MacIntyre","MM-18280"
1057,"Corporate","Muhammed MacIntyre","MM-8280"
1067,"Corporate","Michael Paige","MP-17965"
1070,"Corporate","Michael Paige","MP-7965"
1079,"Corporate","Michael Stewart","MS-17980"
1085,"Corporate","Michael Stewart","MS-7980"
1095,"Corporate","Mitch Willingham","MW-18235"
1097,"Corporate","Mitch Willingham","MW-8235"
1098,"Corporate","Maribeth Yedwab","MY-17380"
1099,"Corporate","Muhammed Yedwab","MY-18295"
1100,"Corporate","Maribeth Yedwab","MY-7380"
1101,"Corporate","Muhammed Yedwab","MY-8295"
1103,"Corporate","Mary Zewe","MZ-17515"
1105,"Corporate","Mary Zewe","MZ-7515"
1106,"Corporate","Nicole Brennan","NB-18580"
1107,"Corporate","Nona Balk","NB-18655"
1108,"Corporate","Nicole Brennan","NB-8580"
1109,"Corporate","Nona Balk","NB-8655"
1112,"Corporate","Nick Crebassa","NC-18535"
1113,"Corporate","Noah Childs","NC-18625"
1116,"Corporate","Nick Crebassa","NC-8535"
1117,"Corporate","Noah Childs","NC-8625"
1119,"Corporate","Neil Ducich","ND-18460"
1121,"Corporate","Neil Ducich","ND-8460"
1128,"Corporate","Nat Gilpin","NG-18355"
1130,"Corporate","Nat Gilpin","NG-8355"
1132,"Corporate","Nicole Hansen","NH-18610"
1133,"Corporate","Nicole Hansen","NH-8610"
1153,"Corporate","Noel Staavos","NS-18640"
1155,"Corporate","Noel Staavos","NS-8640"
1160,"Corporate","Odella Nelson","ON-18715"
1161,"Corporate","Odella Nelson","ON-8715"
1169,"Corporate","Phillip Breyer","PB-19210"
1173,"Corporate","Phillip Breyer","PB-9210"
1174,"Corporate","Pamela Coakley","PC-18745"
1176,"Corporate","Pamela Coakley","PC-8745"
1190,"Corporate","Patrick Jones","PJ-18835"
1192,"Corporate","Patrick Jones","PJ-8835"
1228,"Corporate","Pauline Webber","PW-19030"
1230,"Corporate","Pauline Webber","PW-9030"
1232,"Corporate","Quincy Jones","QJ-19255"
1233,"Corporate","Quincy Jones","QJ-9255"
1235,"Corporate","Ruben Ausman","RA-19885"
1239,"Corporate","Ruben Ausman","RA-9885"
1247,"Corporate","Robert Barroso","RB-19645"
1255,"Corporate","Robert Barroso","RB-9645"
1280,"Corporate","Randy Ferguson","RF-19345"
1283,"Corporate","Randy Ferguson","RF-9345"
1306,"Corporate","Rachel Payne","RP-19270"
1308,"Corporate","Roy Phan","RP-19855"
1309,"Corporate","Rachel Payne","RP-9270"
1311,"Corporate","Roy Phan","RP-9855"
1313,"Corporate","Rick Reed","RR-19525"
1315,"Corporate","Rick Reed","RR-9525"
1316,"Corporate","Ricardo Sperren","RS-19420"
1317,"Corporate","Roland Schwarz","RS-19765"
1319,"Corporate","Ricardo Sperren","RS-9420"
1320,"Corporate","Roland Schwarz","RS-9765"
1322,"Corporate","Rick Wilson","RW-19540"
1323,"Corporate","Rob Williams","RW-19630"
1325,"Corporate","Rick Wilson","RW-9540"
1326,"Corporate","Rob Williams","RW-9630"
1332,"Corporate","Sean Braxton","SB-10290"
1335,"Corporate","Sean Braxton","SB-20290"
1339,"Corporate","Scot Coram","SC-10230"
1340,"Corporate","Scott Cohen","SC-10260"
1343,"Corporate","Shaun Chance","SC-10440"
1346,"Corporate","Steve Chapman","SC-10695"
1348,"Corporate","Stewart Carmichael","SC-10770"
1354,"Corporate","Scot Coram","SC-20230"
1355,"Corporate","Scott Cohen","SC-20260"
1358,"Corporate","Shaun Chance","SC-20440"
1361,"Corporate","Steve Chapman","SC-20695"
1363,"Corporate","Stewart Carmichael","SC-20770"
1372,"Corporate","Sylvia Foulston","SF-10965"
1375,"Corporate","Sylvia Foulston","SF-20965"
1379,"Corporate","Susan Gilcrest","SG-10890"
1383,"Corporate","Susan Gilcrest","SG-20890"
1385,"Corporate","Stefanie Holloman","SH-10635"
1386,"Corporate","Sally Hughsby","SH-19975"
1388,"Corporate","Stefanie Holloman","SH-20635"
1389,"Corporate","Sally Hughsby","SH-9975"
1403,"Corporate","Suzanne McNair","SM-10950"
1407,"Corporate","Suzanne McNair","SM-20950"
1414,"Corporate","Sibella Parks","SP-10545"
1415,"Corporate","Stefania Perrino","SP-10620"
1416,"Corporate","Stephanie Phelps","SP-10650"
1417,"Corporate","Sung Pak","SP-10860"
1419,"Corporate","Sibella Parks","SP-20545"
1420,"Corporate","Stefania Perrino","SP-20620"
1421,"Corporate","Stephanie Phelps","SP-20650"
1422,"Corporate","Sung Pak","SP-20860"
1428,"Corporate","Saphhira Shifley","SS-10140"
1433,"Corporate","Saphhira Shifley","SS-20140"
1444,"Corporate","Stuart Van","SV-10815"
1448,"Corporate","Stuart Van","SV-20815"
1454,"Corporate","Steven Ward","SW-10755"
1459,"Corporate","Steven Ward","SW-20755"
1465,"Corporate","Thomas Boland","TB-11175"
1469,"Corporate","Todd Boyes","TB-11355"
1475,"Corporate","Thomas Boland","TB-21175"
1479,"Corporate","Todd Boyes","TB-21355"
1484,"Corporate","Tamara Chand","TC-10980"
1485,"Corporate","Theresa Coyne","TC-11145"
1489,"Corporate","Tamara Chand","TC-20980"
1490,"Corporate","Theresa Coyne","TC-21145"
1501,"Corporate","Thea Hudgings","TH-11115"
1502,"Corporate","Tiffany House","TH-11235"
1505,"Corporate","Thea Hudgings","TH-21115"
1506,"Corporate","Tiffany House","TH-21235"
1516,"Corporate","Tracy Poddar","TP-11565"
1519,"Corporate","Tracy Poddar","TP-21565"
1523,"Corporate","Theresa Swint","TS-11160"
1524,"Corporate","Thomas Seio","TS-11205"
1526,"Corporate","Todd Sumrall","TS-11370"
1527,"Corporate","Tom Stivers","TS-11430"
1532,"Corporate","Theresa Swint","TS-21160"
1533,"Corporate","Thomas Seio","TS-21205"
1535,"Corporate","Todd Sumrall","TS-21370"
1536,"Corporate","Tom Stivers","TS-21430"
1542,"Corporate","Tim Taslimi","TT-11265"
1546,"Corporate","Tim Taslimi","TT-21265"
1550,"Corporate","Tom Zandusky","TZ-11445"
1552,"Corporate","Tom Zandusky","TZ-21445"
1554,"Corporate","Victoria Brennan","VB-11745"
1555,"Corporate","Victoria Brennan","VB-21745"
1561,"Corporate","Vivek Grady","VG-11805"
1563,"Corporate","Vivek Grady","VG-21805"
1569,"Corporate","Victoria Pisteka","VP-11760"
1571,"Corporate","Victoria Pisteka","VP-21760"
1576,"Corporate","Victoria Wilson","VW-11775"
1577,"Corporate","Victoria Wilson","VW-21775"
1582,"Corporate","Yoseph Carroll","YC-11895"
1583,"Corporate","Yoseph Carroll","YC-21895"
1584,"Corporate","Yana Sorensen","YS-11880"
1585,"Corporate","Yana Sorensen","YS-21880"
10,"Home Office","Adam Bellavance","AB-10060"
14,"Home Office","Alejandro Ballentine","AB-10255"
20,"Home Office","Alejandro Ballentine","AB-255"
21,"Home Office","Adam Bellavance","AB-60"
31,"Home Office","Alan Dominguez","AD-10180"
32,"Home Office","Alan Dominguez","AD-180"
44,"Home Office","Anthony Garverick","AG-10765"
53,"Home Office","Anthony Garverick","AG-765"
57,"Home Office","Adrian Hane","AH-10120"
63,"Home Office","Adrian Hane","AH-120"
87,"Home Office","Anne Pryor","AP-10720"
89,"Home Office","Anne Pryor","AP-720"
105,"Home Office","Adrian Shami","AS-10135"
109,"Home Office","Ann Steele","AS-10630"
110,"Home Office","Adrian Shami","AS-135"
115,"Home Office","Ann Steele","AS-630"
117,"Home Office","Alyssa Tate","AT-10435"
119,"Home Office","Alyssa Tate","AT-435"
122,"Home Office","Arthur Wiediger","AW-10930"
124,"Home Office","Arthur Wiediger","AW-930"
133,"Home Office","Becky Castell","BC-11125"
134,"Home Office","Becky Castell","BC-1125"
137,"Home Office","Brendan Dodson","BD-11560"
145,"Home Office","Brendan Dodson","BD-1560"
151,"Home Office","Bill Eplett","BE-11335"
153,"Home Office","Brad Eason","BE-11455"
154,"Home Office","Bill Eplett","BE-1335"
156,"Home Office","Brad Eason","BE-1455"
157,"Home Office","Barry Franz","BF-1005"
161,"Home Office","Barry Franz","BF-11005"
164,"Home Office","Ben Ferrer","BF-11170"
165,"Home Office","Benjamin Farhat","BF-11215"
167,"Home Office","Ben Ferrer","BF-1170"
168,"Home Office","Benjamin Farhat","BF-1215"
214,"Home Office","Bryan Spruell","BS-11800"
220,"Home Office","Bryan Spruell","BS-1800"
221,"Home Office","Beth Thompson","BT-11305"
224,"Home Office","Brad Thomas","BT-11485"
225,"Home Office","Bradley Talbott","BT-11530"
227,"Home Office","Beth Thompson","BT-1305"
230,"Home Office","Brad Thomas","BT-1485"
231,"Home Office","Bradley Talbott","BT-1530"
242,"Home Office","Cathy Armstrong","CA-12055"
247,"Home Office","Cathy Armstrong","CA-2055"
257,"Home Office","Chad Cunningham","CC-12100"
261,"Home Office","Chuck Clark","CC-12430"
267,"Home Office","Chad Cunningham","CC-2100"
271,"Home Office","Chuck Clark","CC-2430"
280,"Home Office","Cynthia Delaney","CD-12790"
284,"Home Office","Cynthia Delaney","CD-2790"
285,"Home Office","Catherine Glotzbach","CG-12040"
287,"Home Office","Catherine Glotzbach","CG-2040"
289,"Home Office","Cathy Hwang","CH-12070"
290,"Home Office","Cathy Hwang","CH-2070"
296,"Home Office","Christine Kargatis","CK-12325"
300,"Home Office","Christine Kargatis","CK-2325"
305,"Home Office","Craig Leslie","CL-12700"
308,"Home Office","Craig Leslie","CL-2700"
318,"Home Office","Corinna Mitchell","CM-12655"
329,"Home Office","Corinna Mitchell","CM-2655"
335,"Home Office","Clay Rozendal","CR-12580"
336,"Home Office","Corey Roper","CR-12625"
338,"Home Office","Cyra Reiten","CR-12820"
339,"Home Office","Clay Rozendal","CR-2580"
340,"Home Office","Corey Roper","CR-2625"
342,"Home Office","Cyra Reiten","CR-2820"
350,"Home Office","Christopher Schild","CS-12400"
361,"Home Office","Christopher Schild","CS-2400"
371,"Home Office","Carl Weiss","CW-11905"
372,"Home Office","Carl Weiss","CW-1905"
377,"Home Office","Dianna Arnett","DA-13450"
378,"Home Office","Dianna Arnett","DA-3450"
379,"Home Office","Daniel Byrd","DB-12910"
384,"Home Office","Deborah Brumfield","DB-13270"
385,"Home Office","Dennis Bolton","DB-13360"
390,"Home Office","Daniel Byrd","DB-2910"
395,"Home Office","Deborah Brumfield","DB-3270"
396,"Home Office","Dennis Bolton","DB-3360"
407,"Home Office","Deanra Eno","DE-13255"
408,"Home Office","Deanra Eno","DE-3255"
414,"Home Office","Duane Huffman","DH-13675"
416,"Home Office","Duane Huffman","DH-3675"
464,"Home Office","Dennis Pardue","DP-13390"
468,"Home Office","Dennis Pardue","DP-3390"
470,"Home Office","Daniel Raglin","DR-12940"
472,"Home Office","Daniel Raglin","DR-2940"
473,"Home Office","Darrin Sayre","DS-13030"
475,"Home Office","Darrin Sayre","DS-3030"
482,"Home Office","Dianna Wilson","DW-13480"
486,"Home Office","Dianna Wilson","DW-3480"
491,"Home Office","Dean percer","Dp-13240"
492,"Home Office","Dean percer","Dp-3240"
513,"Home Office","Emily Ducich","ED-13885"
514,"Home Office","Emily Ducich","ED-3885"
520,"Home Office","Erica Hernandez","EH-14005"
521,"Home Office","Eugene Hildebrand","EH-14125"
526,"Home Office","Erica Hernandez","EH-4005"
527,"Home Office","Eugene Hildebrand","EH-4125"
533,"Home Office","Eileen Kiefer","EK-13795"
534,"Home Office","Eileen Kiefer","EK-3795"
535,"Home Office","Ed Ludwig","EL-13735"
536,"Home Office","Ed Ludwig","EL-3735"
542,"Home Office","Eugene Moren","EM-14140"
543,"Home Office","Evan Minnotte","EM-14200"
549,"Home Office","Eugene Moren","EM-4140"
550,"Home Office","Evan Minnotte","EM-4200"
563,"Home Office","Frank Carlisle","FC-14245"
565,"Home Office","Frank Carlisle","FC-4245"
567,"Home Office","Frank Gastineau","FG-14260"
568,"Home Office","Frank Gastineau","FG-4260"
576,"Home Office","Frank Merwin","FM-14290"
579,"Home Office","Frank Merwin","FM-4290"
599,"Home Office","Gary Hansen","GH-14410"
603,"Home Office","Gary Hansen","GH-4410"
610,"Home Office","Gary Mitchum","GM-14455"
615,"Home Office","Gary Mitchum","GM-4455"
639,"Home Office","Harold Dahlen","HD-14785"
640,"Home Office","Harold Dahlen","HD-4785"
653,"Home Office","Heather Jas","HJ-14875"
654,"Home Office","Heather Jas","HJ-4875"
663,"Home Office","Harold Pawlan","HP-14815"
664,"Home Office","Harold Pawlan","HP-4815"
665,"Home Office","Hallie Redmond","HR-14770"
667,"Home Office","Hallie Redmond","HR-4770"
686,"Home Office","Julia Barnett","JB-16045"
690,"Home Office","Julia Barnett","JB-6045"
750,"Home Office","Joel Jenkins","JJ-15760"
752,"Home Office","Joel Jenkins","JJ-5760"
757,"Home Office","Jim Kriz","JK-15640"
760,"Home Office","Julie Kriz","JK-16120"
765,"Home Office","Jim Kriz","JK-5640"
768,"Home Office","Julie Kriz","JK-6120"
770,"Home Office","James Lanier","JL-15175"
776,"Home Office","James Lanier","JL-5175"
797,"Home Office","Jesus Ocampo","JO-15550"
800,"Home Office","Jesus Ocampo","JO-5550"
803,"Home Office","Julie Prescott","JP-16135"
806,"Home Office","Julie Prescott","JP-6135"
816,"Home Office","Joni Sundaresam","JS-15940"
821,"Home Office","Joni Sundaresam","JS-5940"
833,"Home Office","Katrina Bavinger","KB-16405"
838,"Home Office","Katrina Bavinger","KB-6405"
856,"Home Office","Karen Ferguson","KF-16285"
857,"Home Office","Karen Ferguson","KF-6285"
873,"Home Office","Katherine Murray","KM-16375"
877,"Home Office","Katherine Murray","KM-6375"
882,"Home Office","Kristina Nunn","KN-16705"
885,"Home Office","Kristina Nunn","KN-6705"
899,"Home Office","Laurel Beltran","LB-16795"
901,"Home Office","Laurel Beltran","LB-6795"
905,"Home Office","Lindsay Castell","LC-16960"
911,"Home Office","Lindsay Castell","LC-6960"
945,"Home Office","Lindsay Shagiari","LS-16975"
950,"Home Office","Lindsay Shagiari","LS-6975"
966,"Home Office","Matt Abelman","MA-17560"
967,"Home Office","Michelle Arnett","MA-17995"
968,"Home Office","Matt Abelman","MA-7560"
969,"Home Office","Michelle Arnett","MA-7995"
996,"Home Office","Maria Etezadi","ME-17320"
999,"Home Office","Maria Etezadi","ME-7320"
1006,"Home Office","Matthew Grinstein","MG-17650"
1007,"Home Office","Maureen Gastineau","MG-17680"
1009,"Home Office","Michael Grace","MG-17875"
1010,"Home Office","Michael Granlund","MG-17890"
1013,"Home Office","Matthew Grinstein","MG-7650"
1014,"Home Office","Maureen Gastineau","MG-7680"
1016,"Home Office","Michael Grace","MG-7875"
1017,"Home Office","Michael Granlund","MG-7890"
1020,"Home Office","Marc Harrigan","MH-17290"
1026,"Home Office","Mick Hernandez","MH-18115"
1027,"Home Office","Marc Harrigan","MH-7290"
1033,"Home Office","Mick Hernandez","MH-8115"
1042,"Home Office","Max Ludwig","ML-17755"
1047,"Home Office","Max Ludwig","ML-7755"
1061,"Home Office","Meg O'Connel","MO-17800"
1064,"Home Office","Meg O'Connel","MO-7800"
1066,"Home Office","Mark Packer","MP-17470"
1068,"Home Office","Mike Pelletier","MP-18175"
1069,"Home Office","Mark Packer","MP-7470"
1071,"Home Office","Mike Pelletier","MP-8175"
1072,"Home Office","Mathew Reese","MR-17545"
1073,"Home Office","Mathew Reese","MR-7545"
1087,"Home Office","Michelle Tran","MT-18070"
1089,"Home Office","Michelle Tran","MT-8070"
1102,"Home Office","Maria Zettner","MZ-17335"
1104,"Home Office","Maria Zettner","MZ-7335"
1123,"Home Office","Neil Französisch","NF-18475"
1124,"Home Office","Nicole Fjeld","NF-18595"
1126,"Home Office","Neil Französisch","NF-8475"
1127,"Home Office","Nicole Fjeld","NF-8595"
1134,"Home Office","Neil Knudson","NK-18490"
1135,"Home Office","Neil Knudson","NK-8490"
1136,"Home Office","Nancy Lomonaco","NL-18310"
1137,"Home Office","Nancy Lomonaco","NL-8310"
1138,"Home Office","Nathan Mautz","NM-18445"
1140,"Home Office","Nathan Mautz","NM-8445"
1144,"Home Office","Nora Pelletier","NP-18685"
1148,"Home Office","Nora Pelletier","NP-8685"
1158,"Home Office","Nick Zandusky","NZ-18565"
1159,"Home Office","Nick Zandusky","NZ-8565"
1164,"Home Office","Pete Armstrong","PA-19060"
1165,"Home Office","Pete Armstrong","PA-9060"
1166,"Home Office","Patrick Bzostek","PB-18805"
1170,"Home Office","Patrick Bzostek","PB-8805"
1175,"Home Office","Pauline Chand","PC-19000"
1177,"Home Office","Pauline Chand","PC-9000"
1188,"Home Office","Patricia Hirasaki","PH-18790"
1189,"Home Office","Patricia Hirasaki","PH-8790"
1194,"Home Office","Paul Knutson","PK-18910"
1196,"Home Office","Paul Knutson","PK-8910"
1198,"Home Office","Paul Lucas","PL-18925"
1199,"Home Office","Paul Lucas","PL-8925"
1201,"Home Office","Peter McVee","PM-19135"
1203,"Home Office","Peter McVee","PM-9135"
1204,"Home Office","Parhena Norris","PN-18775"
1205,"Home Office","Parhena Norris","PN-8775"
1208,"Home Office","Philisse Overcash","PO-19180"
1209,"Home Office","Phillina Ober","PO-19195"
1212,"Home Office","Philisse Overcash","PO-9180"
1213,"Home Office","Phillina Ober","PO-9195"
1214,"Home Office","Paul Prost","PP-18955"
1215,"Home Office","Paul Prost","PP-8955"
1219,"Home Office","Paul Stevenson","PS-18970"
1220,"Home Office","Penelope Sewall","PS-19045"
1222,"Home Office","Paul Stevenson","PS-8970"
1223,"Home Office","Penelope Sewall","PS-9045"
1226,"Home Office","Paul Van Hugh","PV-18985"
1227,"Home Office","Paul Van Hugh","PV-8985"
1245,"Home Office","Rick Bensley","RB-19465"
1248,"Home Office","Roger Barcio","RB-19705"
1249,"Home Office","Ross Baird","RB-19795"
1253,"Home Office","Rick Bensley","RB-9465"
1256,"Home Office","Roger Barcio","RB-9705"
1257,"Home Office","Ross Baird","RB-9795"
1264,"Home Office","Robert Dilbeck","RD-19660"
1266,"Home Office","Ross DeVincentis","RD-19810"
1271,"Home Office","Robert Dilbeck","RD-9660"
1273,"Home Office","Ross DeVincentis","RD-9810"
1287,"Home Office","Rick Huthwaite","RH-19510"
1291,"Home Office","Rick Huthwaite","RH-9510"
1299,"Home Office","Robert Marley","RM-19675"
1302,"Home Office","Robert Marley","RM-9675"
1318,"Home Office","Roy Skaria","RS-19870"
1321,"Home Office","Roy Skaria","RS-9870"
1337,"Home Office","Sample Company A","SC-10050"
1345,"Home Office","Steve Carroll","SC-10680"
1352,"Home Office","Sample Company A","SC-20050"
1360,"Home Office","Steve Carroll","SC-20680"
1366,"Home Office","Shirley Daniels","SD-10485"
1367,"Home Office","Shirley Daniels","SD-20485"
1390,"Home Office","Sanjit Jacobs","SJ-10125"
1393,"Home Office","Sanjit Jacobs","SJ-20125"
1398,"Home Office","Sara Luxemburg","SL-10155"
1399,"Home Office","Sara Luxemburg","SL-20155"
1401,"Home Office","Sean Miller","SM-10320"
1405,"Home Office","Sean Miller","SM-20320"
1408,"Home Office","Skye Norling","SN-10560"
1409,"Home Office","Steve Nguyen","SN-10710"
1410,"Home Office","Skye Norling","SN-20560"
1411,"Home Office","Steve Nguyen","SN-20710"
1424,"Home Office","Sharelle Roach","SR-10425"
1425,"Home Office","Steven Roelle","SR-10740"
1426,"Home Office","Sharelle Roach","SR-20425"
1427,"Home Office","Steven Roelle","SR-20740"
1430,"Home Office","Shirley Schmidt","SS-10515"
1435,"Home Office","Shirley Schmidt","SS-20515"
1440,"Home Office","Stephanie Ulpright","SU-10665"
1441,"Home Office","Stephanie Ulpright","SU-20665"
1452,"Home Office","Sean Wendt","SW-10350"
1457,"Home Office","Sean Wendt","SW-20350"
1460,"Home Office","Sam Zeldin","SZ-10035"
1461,"Home Office","Sam Zeldin","SZ-20035"
1462,"Home Office","Tom Ashbrook","TA-11385"
1463,"Home Office","Tom Ashbrook","TA-21385"
1466,"Home Office","Thomas Brumley","TB-11190"
1476,"Home Office","Thomas Brumley","TB-21190"
1487,"Home Office","Tony Chapman","TC-11475"
1488,"Home Office","Tracy Collins","TC-11535"
1492,"Home Office","Tony Chapman","TC-21475"
1493,"Home Office","Tracy Collins","TC-21535"
1503,"Home Office","Tracy Hopkins","TH-11550"
1507,"Home Office","Tracy Hopkins","TH-21550"
1512,"Home Office","Tanja Norvell","TN-11040"
1513,"Home Office","Tanja Norvell","TN-21040"
1543,"Home Office","Tonja Turnell","TT-11460"
1547,"Home Office","Tonja Turnell","TT-21460"
1548,"Home Office","Tamara Willingham","TW-11025"
1549,"Home Office","Tamara Willingham","TW-21025"
1558,"Home Office","Vicky Freymann","VF-11715"
1559,"Home Office","Vicky Freymann","VF-21715"
1564,"Home Office","Valerie Mitchum","VM-11685"
1566,"Home Office","Valerie Mitchum","VM-21685"
1568,"Home Office","Victor Preis","VP-11730"
1570,"Home Office","Victor Preis","VP-21730"
1574,"Home Office","Valerie Takahito","VT-11700"
1575,"Home Office","Valerie Takahito","VT-21700"
